FirstName,LastName,Email
Dharren,Pius,dharrenpius@outlook.com
Nansamba,Prossy,nansambaprossy@gmail.com
Alum,Jennifer,alum@gmail.com
Natasha,Maria,natasha@yahoo.com
Kharren,Glorious,kharren@hotmail.com
Museveni,Kaguta,museveni@gmail.com
Truth,EHS,truthehs@truth.com
sabmedical,centre,sab@sab.com
viola,Nansubuga,viola@icloud.com
